{"cameraMode":{"drawMode":0,"name":"Shaded","section":"Shading Mode"},"sceneLighting":true,"audioPlay":false,"sceneViewState":{"showFog":true,"showMaterialUpdate":true,"showSkybox":true,"showFlares":true,"showImageEffects":true,"showParticleSystems":true},"in2DMode":false,"pivot":{"x":0.6771782040596008,"y":4.93691873550415,"z":4.852070331573486},"rotation":{"x":0.2397131770849228,"y":0.7414483428001404,"z":-0.3359253406524658,"w":0.5290994048118591},"size":36.96722412109375,"orthographic":true}