{"cameraMode":{"drawMode":0,"name":"Shaded","section":"Shading Mode"},"sceneLighting":false,"audioPlay":false,"sceneViewState":{"showFog":true,"showMaterialUpdate":true,"showSkybox":false,"showFlares":true,"showImageEffects":true,"showParticleSystems":true},"in2DMode":false,"pivot":{"x":0.0,"y":1.347000002861023,"z":0.20400001108646394},"rotation":{"x":-0.062178656458854678,"y":0.8204769492149353,"z":-0.0909523069858551,"w":-0.5609625577926636},"size":4.390770435333252,"orthographic":true}