{"cameraMode":{"drawMode":0,"name":"Shaded","section":"Shading Mode"},"sceneLighting":true,"audioPlay":false,"sceneViewState":{"showFog":true,"showMaterialUpdate":true,"showSkybox":true,"showFlares":true,"showImageEffects":true,"showParticleSystems":true},"in2DMode":false,"pivot":{"x":-18.555505752563478,"y":1.5970001220703126,"z":-2.8806378841400148},"rotation":{"x":0.1708487570285797,"y":0.8159106969833374,"z":-0.3009781837463379,"w":0.463155061006546},"size":16.689485549926759,"orthographic":true}