{"cameraMode":{"drawMode":0,"name":"Shaded","section":"Shading Mode"},"sceneLighting":false,"audioPlay":false,"sceneViewState":{"showFog":true,"showMaterialUpdate":true,"showSkybox":false,"showFlares":true,"showImageEffects":true,"showParticleSystems":true},"in2DMode":false,"pivot":{"x":0.01077166199684143,"y":1.4901161193847657e-8,"z":0.9131778478622437},"rotation":{"x":0.08183659613132477,"y":0.9157195091247559,"z":-0.2410527914762497,"w":0.3108925223350525},"size":4.0233235359191898,"orthographic":true}